<?xml version="1.0" encoding="UTF-8"?>
<beans xmlns="http://www.springframework.org/schema/beans"
       xmlns:xsi="http://www.w3.org/2001/XMLSchema-instance"
       xsi:schemaLocation="
          http://www.springframework.org/schema/beans
          http://www.springframework.org/schema/beans/spring-beans.xsd">

    <bean id="patient" class="com.example.hospital.Patient"/>
    <bean id="appointment" class="com.example.hospital.Appointment"/>
    <bean id="billing" class="com.example.hospital.Billing"/>

    <bean id="hospitalService" class="com.example.hospital.HospitalService">
        <property name="patient" ref="patient"/>
        <property name="appointment" ref="appointment"/>
        <property name="billing" ref="billing"/>
    </bean>

</beans>
